lago,fecha,indice,n_pixeles,media,mediana,desviacion,p90,minimo,maximo,porcentaje_alto,umbral_alto,porcentaje_saturado_100,maximo_crudo
amatitlan,2025-01-28,NDVI,35059,-0.37082352229481974,-0.34375,0.20551847707026058,-0.14385966956615448,-0.982758641242981,0.44680851697921753,,,,
amatitlan,2025-01-28,NDWI,35059,0.5918178524031313,0.5824176073074341,0.1591084685460872,0.8064516305923461,0.0014306394150480628,0.9909909963607788,,,,
amatitlan,2025-01-28,CYA,35059,7.56893033586546,6.255226135253906,5.688857225243568,13.00351142883301,0.213515505194664,100.0,0.4535212071080179,40.0,0.019966342451296387,742.4227905273438
amatitlan,2025-04-15,NDVI,36296,-0.09405525977046889,-0.105869110673666,0.09628477040221803,0.024417354725301266,-0.9753086566925049,0.3601340055465698,,,,
amatitlan,2025-04-15,NDWI,36296,0.28588282703198714,0.28930099308490753,0.09504780881948066,0.39578500390052795,0.0013532028533518314,0.9882698059082031,,,,
amatitlan,2025-04-15,CYA,36296,92.54576392319724,100.0,16.857794583620755,100.0,3.455888509750366,100.0,97.0465065020939,40.0,75.38571743442803,1273.5374755859375
amatitlan,2025-04-28,NDVI,35085,-0.06610616281032779,-0.09219860285520554,0.14946431424409576,0.13049727678298972,-0.9781420826911926,0.5417790412902832,,,,
amatitlan,2025-04-28,NDWI,35085,0.29017524519954063,0.27708977460861206,0.1527866923837425,0.4826086759567261,0.0,0.9911894202232361,,,,
amatitlan,2025-04-28,CYA,35085,90.9672196294875,100.0,17.807804285571425,100.0,3.4224724769592285,100.0,97.06427248111729,40.0,70.37195382642155,2104.5283203125
amatitlan,2025-11-24,NDVI,34563,-0.3918999586690689,-0.403726726770401,0.23585217731907687,-0.0859375,-0.987500011920929,0.3496503233909607,,,,
amatitlan,2025-11-24,NDWI,34563,0.5405861887084566,0.5416666865348816,0.18593111506176374,0.7883886575698852,0.0,0.9918032884597778,,,,
amatitlan,2025-11-24,CYA,34563,9.312924109077048,6.953186988830566,10.27009055854178,15.788282012939451,0.12172828614711761,100.0,2.193096664062726,40.0,0.31536614298527327,539.4501342773438
amatitlan,2026-01-08,NDVI,33410,-0.13420242390562484,-0.13409964740276337,0.20297596443254606,0.13104158639907854,-0.9848484992980957,0.42574259638786316,,,,
amatitlan,2026-01-08,NDWI,33410,0.4046586003980469,0.41244612634181976,0.1700839579910554,0.6015037298202515,0.0,0.9912663698196411,,,,
amatitlan,2026-01-08,CYA,33410,17.165191104676072,14.483492374420166,11.000893556903735,29.808380126953153,0.09072162210941315,100.0,4.552529182879377,40.0,0.10475905417539659,1751.1070556640625
amatitlan,2026-02-02,NDVI,33363,-0.06683664207064141,-0.04347825050354004,0.11824761625478712,0.04575162008404732,-0.9888889193534851,0.26186293363571167,,,,
amatitlan,2026-02-02,NDWI,33363,0.18139863752242968,0.15436238050460815,0.13124093235589251,0.34079390764236445,0.0,0.9920635223388672,,,,
amatitlan,2026-02-02,CYA,33363,14.491744903352869,11.690710067749023,10.014700333089868,26.794336318969723,0.18837177753448486,100.0,3.2101429727542485,40.0,0.011989329496747895,1300.949951171875
amatitlan,2026-02-07,NDVI,33460,-0.21798683572529062,-0.16842105984687805,0.20164370306307006,-0.034188058227300644,-0.9903846383094788,0.961538553237915,,,,
amatitlan,2026-02-07,NDWI,33460,0.41252668174585255,0.3723626732826233,0.18300097175057722,0.6825396418571472,0.0,0.9950248003005981,,,,
amatitlan,2026-02-07,CYA,33460,8.404369436996292,7.474053859710693,6.2871512338065525,12.529346084594726,0.00015224651724565774,100.0,0.9055588762701733,40.0,0.044829647340107595,1748.4249267578125
amatitlan,2026-03-29,NDVI,35777,-0.07848448446232477,-0.08545727282762527,0.09416770018810142,0.017099349200725575,-0.9888268113136292,0.40209269523620605,,,,
amatitlan,2026-03-29,NDWI,35777,0.3210617613759263,0.322391539812088,0.09320872298533979,0.4196545720100403,0.0,0.9933110475540161,,,,
amatitlan,2026-03-29,CYA,35777,94.46416799587031,100.0,13.211852428172726,100.0,5.150105953216553,100.0,98.98538166978786,40.0,76.57433546692009,2506.139892578125
amatitlan,2026-04-13,NDVI,36632,-0.02721257309033462,-0.030993402935564518,0.06018041980006286,0.04024086669087411,-0.7589743733406067,0.4524959921836853,,,,
amatitlan,2026-04-13,NDWI,36632,0.28400243490893734,0.28761740028858185,0.07153051128028119,0.35664241611957553,0.0007581629324704409,0.869120717048645,,,,
amatitlan,2026-04-13,CYA,36632,99.11745518934104,100.0,5.09964363654242,100.0,17.037588119506836,100.0,99.96724175584188,40.0,95.45206376938195,3261.701416015625
amatitlan,2026-04-28,NDVI,29176,-0.046575272937999804,-0.08226319029927254,0.20202353345057747,0.2245074212551117,-0.6330645680427551,0.4346666932106018,,,,
amatitlan,2026-04-28,NDWI,29176,0.3451586146224726,0.3888140022754669,0.19749872969394391,0.5833672285079956,0.0,0.8264352679252625,,,,
amatitlan,2026-04-28,CYA,29176,98.4794611515723,100.0,10.494533552114344,100.0,10.161090850830078,100.0,98.2725527831094,40.0,97.35056210584042,4019.32470703125
amatitlan,2026-06-19,NDVI,34483,-0.158320363197839,-0.1074766293168068,0.2802930920083098,0.14971830248832702,-0.9919678568840027,0.9777778387069702,,,,
amatitlan,2026-06-19,NDWI,34483,0.5295993914813427,0.5175202488899231,0.19796597570997038,0.7908144235610961,0.0,0.9964412450790405,,,,
amatitlan,2026-06-19,CYA,34483,87.57470615064805,100.0,18.32016464386859,100.0,0.029184488579630852,100.0,97.70031609778732,40.0,53.55682510222428,1842.6739501953125
atitlan,2025-01-18,NDVI,134693,0.3392711771250363,0.3750000298023224,0.36149946159204205,0.7777777910232544,-0.9918367266654968,0.978022038936615,,,,
atitlan,2025-01-18,NDWI,134693,0.7497737611755105,0.7520660758018494,0.11345822320443318,0.8837209343910217,0.0,0.9958158135414124,,,,
atitlan,2025-01-18,CYA,134693,0.2407669861116885,0.0006491041858680546,3.771217148218045,0.01295293029397726,4.562135018204572e-06,100.0,0.1945164188190923,40.0,0.07424290794621843,1040.1689453125
atitlan,2025-04-13,NDVI,306692,-0.04810693695097107,-0.038575656712055206,0.07045398110376194,0.004878085572272539,-0.987500011920929,0.5913978219032288,,,,
atitlan,2025-04-13,NDWI,306692,0.36610887037566636,0.3617021143436432,0.08784223592458879,0.46020761132240295,0.0,0.9918032884597778,,,,
atitlan,2025-04-13,CYA,306692,2.7366730101280643,1.8304997682571411,4.262001324921271,5.582575798034668,0.002382226288318634,100.0,0.2142214338815489,40.0,0.08868832574700351,52175.15234375
atitlan,2025-05-13,NDVI,306405,-0.07310586986420282,-0.051813483238220215,0.09809378025299983,-0.0037174660246819258,-0.9876543283462524,0.6326530575752258,,,,
atitlan,2025-05-13,NDWI,306405,0.3802162830285255,0.38750001788139343,0.12758728095506985,0.5090909004211426,0.0,0.9944750666618347,,,,
atitlan,2025-05-13,CYA,306405,3.519680521092729,1.2904342412948608,6.207002518695447,8.506360054016119,0.00031057471642270684,100.0,0.420032310177706,40.0,0.15502357990241675,55503.17578125
atitlan,2025-07-17,NDVI,299803,-0.04015226721819736,-0.004282687790691853,0.15017742302697037,0.07499996572732925,-0.9885057806968689,0.9718310236930847,,,,
atitlan,2025-07-17,NDWI,299803,0.4120028123016312,0.39522552490234375,0.16616200267109088,0.6039088010787962,0.0,0.9955055713653564,,,,
atitlan,2025-07-17,CYA,299803,4.792101376181962,0.838354229927063,16.622175457747552,5.1970248222351065,2.6646353035175707e-06,100.0,3.264143454201592,40.0,2.5670190091493414,42598.57421875
atitlan,2025-11-21,NDVI,252444,-0.04238081262941914,0.0,0.2615938424041311,0.23529410362243652,-0.9885057806968689,0.9710145592689514,,,,
atitlan,2025-11-21,NDWI,252444,0.7107917180513108,0.7021276354789734,0.11241856893654589,0.8600000739097595,0.0,0.9956709146499634,,,,
atitlan,2025-11-21,CYA,252444,0.24150621021100377,0.024132823571562767,3.5696704370805787,0.066803551465273,1.1480762623250484e-05,100.0,0.1719193167593605,40.0,0.07169906989272869,9681.8056640625
atitlan,2025-12-29,NDVI,282924,0.020966495968894536,0.06060606241226196,0.2358913618356549,0.25,-0.9850746393203735,0.9753086566925049,,,,
atitlan,2025-12-29,NDWI,282924,0.5555007307058154,0.5230768918991089,0.13377626355465877,0.7600000500679016,0.0,0.9933555126190186,,,,
atitlan,2025-12-29,CYA,282924,0.27844909743291185,0.04375630430877209,3.5355495314589316,0.149755597114563,3.963082690461306e-06,100.0,0.1675361581202019,40.0,0.06998345845527422,6618.8408203125
atitlan,2026-02-12,NDVI,240306,-0.029210444158767866,0.0,0.1992084603197882,0.1562500298023224,-0.9903382062911987,0.9772727489471436,,,,
atitlan,2026-02-12,NDWI,240306,0.5943136498490941,0.5703703761100769,0.12454690311896091,0.7777777314186096,0.0,0.9933333396911621,,,,
atitlan,2026-02-12,CYA,240306,0.2528522719784782,0.05787593498826027,3.4629949911513798,0.13598687946796417,7.86394866736373e-06,100.0,0.1622930763276822,40.0,0.07074313583514352,1453.962158203125
atitlan,2026-03-24,NDVI,305469,-0.13686012571077175,-0.10734466463327408,0.11364648661770942,-0.04347823187708855,-0.9869281053543091,0.7894736528396606,,,,
atitlan,2026-03-24,NDWI,305469,0.46689999187062586,0.439330518245697,0.09923328531304582,0.6020407676696777,0.0,0.9953487515449524,,,,
atitlan,2026-03-24,CYA,305469,0.8406289331738785,0.5724753141403198,3.8585796393772456,0.8530066728591924,0.00016915713786147535,100.0,0.20427604765131652,40.0,0.08609711623765423,23065.697265625
atitlan,2026-04-13,NDVI,305128,-0.030583688888089357,-0.013215877115726471,0.09229546129911367,0.03333333879709244,-0.9873418211936951,0.9130434393882751,,,,
atitlan,2026-04-13,NDWI,305128,0.2490143243718405,0.21511629223823547,0.13246957201824605,0.42292487621307373,0.0,0.9945054054260254,,,,
atitlan,2026-04-13,CYA,305128,6.190053333155972,2.565951347351074,9.859258270934728,17.431277465820312,1.9032331692869775e-05,100.0,1.4924883983115285,40.0,0.16484885031855484,42904.1953125
atitlan,2026-04-28,NDVI,306318,-0.08018638980449345,-0.06382977962493896,0.08677833191012925,-0.0059171500615775585,-0.9791666865348816,0.6315789222717285,,,,
atitlan,2026-04-28,NDWI,306318,0.3144812692613526,0.31210196018218994,0.11291802001047074,0.43918919563293457,0.0,0.989847719669342,,,,
atitlan,2026-04-28,CYA,306318,4.699826093197377,2.528807282447815,6.54104169463934,9.460955047607422,0.00046889830264262855,100.0,0.5024190547078526,40.0,0.16682010198551833,1975.1951904296875
atitlan,2026-07-22,NDVI,301570,-0.07816116986353878,-0.04635760188102722,0.12298178264950213,0.016241315752267838,-0.9929078221321106,0.8750000596046448,,,,
atitlan,2026-07-22,NDWI,301570,0.4556104487215563,0.47440269589424133,0.15950804185490508,0.6344085335731506,0.0,0.9964221119880676,,,,
atitlan,2026-07-22,CYA,301570,4.233732799268902,1.0719841718673706,8.475288271554307,11.737555503845215,5.2390951168490574e-05,100.0,1.0451968033955632,40.0,0.1568458401034586,31948.58203125
